,angle,transmission
0,-79.3033033033033,0.9517961504778816
1,-79.07176846516185,0.9496618996195425
2,-78.84023362702041,0.9474703773281902
3,-78.60869878887897,0.9452235532233447
4,-78.37716395073751,0.9429233969245254
5,-78.14562911259607,0.9405718780512534
6,-77.91409427445463,0.9381709662230479
7,-77.68255943631318,0.935722631059429
8,-77.45102459817174,0.9332288421799166
9,-77.21948976003029,0.9306915692040305
10,-76.98795492188884,0.928112781751291
11,-76.7564200837474,0.9254944494412182
12,-76.52488524560596,0.9228385418933316
13,-76.29335040746452,0.9201470287271514
14,-76.06181556932307,0.9174218795621975
15,-75.83028073118163,0.9146650038376901
16,-75.59874589304017,0.9118777564353295
17,-75.36721105489873,0.9090611931107064
18,-75.13567621675729,0.9062163667116788
19,-74.90414137861585,0.903344330086105
20,-74.6726065404744,0.9004461360818432
21,-74.44107170233295,0.8975228375467509
22,-74.2095368641915,0.8945754873286866
23,-73.97800202605006,0.8916051382755084
24,-73.74646718790862,0.8886128432350742
25,-73.51493234976718,0.885599655055242
26,-73.28339751162574,0.8825666265838703
27,-73.0518626734843,0.8795148106688166
28,-72.82032783534284,0.8764452601579391
29,-72.5887929972014,0.8733590278990963
30,-72.35725815905995,0.870257166740146
31,-72.12572332091851,0.8671407295289464
32,-71.89418848277707,0.8640107468766375
33,-71.66265364463561,0.8608676177318306
34,-71.43111880649417,0.8577110343560322
35,-71.19958396835273,0.8545406517098411
36,-70.96804913021128,0.851356124753857
37,-70.73651429206984,0.8481571084486791
38,-70.5049794539284,0.8449432577549069
39,-70.27344461578696,0.8417142276331394
40,-70.0419097776455,0.8384696730439765
41,-69.81037493950406,0.8352092489480173
42,-69.57884010136262,0.8319326103058612
43,-69.34730526322117,0.8286394120781078
44,-69.11577042507973,0.8253293092253563
45,-68.88423558693827,0.8220019567082057
46,-68.65270074879683,0.8186570094872562
47,-68.42116591065539,0.8152941225231066
48,-68.18963107251395,0.8119129507763565
49,-67.9580962343725,0.8085131517783719
50,-67.72656139623106,0.8050950870813064
51,-67.49502655808962,0.8016607753753348
52,-67.26349171994816,0.79821247360014
53,-67.03195688180672,0.7947524386954065
54,-66.80042204366528,0.7912829276008172
55,-66.56888720552384,0.7878061972560559
56,-66.3373523673824,0.7843245046008062
57,-66.10581752924094,0.7808401065747509
58,-65.8742826910995,0.7773552601175746
59,-65.64274785295805,0.7738722221689603
60,-65.41121301481661,0.7703932496685917
61,-65.17967817667517,0.7669205995561522
62,-64.94814333853373,0.7634565287713255
63,-64.71660850039228,0.760003294253795
64,-64.48507366225083,0.7565631529432438
65,-64.25353882410938,0.7531383617793564
66,-64.02200398596794,0.7497311777018159
67,-63.7904691478265,0.746343456986073
68,-63.55893430968506,0.7429749213634335
69,-63.32739947154361,0.7396245845656357
70,-63.095864633402165,0.7362914598603949
71,-62.864329795260716,0.7329745605154241
72,-62.63279495711927,0.7296728997984383
73,-62.40126011897783,0.7263854909771519
74,-62.16972528083639,0.7231113473192791
75,-61.93819044269494,0.7198494820925337
76,-61.7066556045535,0.7165989085646306
77,-61.47512076641205,0.7133586400032838
78,-61.243585928270605,0.7101276896762078
79,-61.01205109012916,0.7069050708511166
80,-60.78051625198772,0.7036897967957247
81,-60.54898141384627,0.7004808807777463
82,-60.31744657570483,0.6972773360648958
83,-60.08591173756338,0.6940781759248874
84,-59.854376899421936,0.6908824764968226
85,-59.622842061280494,0.6876901547092252
86,-59.39130722313905,0.6845017271410212
87,-59.1597723849976,0.6813177232809424
88,-58.92823754685616,0.6781386726177214
89,-58.69670270871471,0.6749651046400899
90,-58.46516787057327,0.6717975488367802
91,-58.233633032431825,0.6686365346965251
92,-58.00209819429038,0.6654825917080557
93,-57.770563356148934,0.662336249360105
94,-57.53902851800749,0.6591980371414053
95,-57.30749367986604,0.6560684845406879
96,-57.0759588417246,0.6529481210466859
97,-56.84442400358316,0.649837476148131
98,-56.612889165441715,0.6467370793337556
99,-56.381354327300265,0.6436474600922915
100,-56.14981948915882,0.6405691479124713
101,-55.91828465101737,0.6375026737313064
102,-55.68674981287593,0.6344486442786654
103,-55.45521497473449,0.6314077777879576
104,-55.223680136593046,0.6283808014183783
105,-54.9921452984516,0.6253684423291224
106,-54.760610460310154,0.6223714276793849
107,-54.529075622168705,0.6193904846283611
108,-54.29754078402726,0.6164263403352456
109,-54.06600594588582,0.6134797219592336
110,-53.83447110774438,0.6105513566595203
111,-53.60293626960293,0.6076419715953002
112,-53.371401431461486,0.6047522939257689
113,-53.139866593320036,0.601883050810121
114,-52.908331755178594,0.5990349694075515
115,-52.67679691703715,0.5962087768772558
116,-52.44526207889571,0.5934052003784287
117,-52.21372724075426,0.5906249670702649
118,-51.98219240261282,0.587868804028349
119,-51.75065756447137,0.5851372091344111
120,-51.519122726329925,0.5824299514246737
121,-51.28758788818848,0.5797466553823015
122,-51.05605305004704,0.5770869454904594
123,-50.82451821190559,0.5744504462323125
124,-50.59298337376415,0.5718367820910254
125,-50.3614485356227,0.5692455775497635
126,-50.12991369748126,0.5666764570916915
127,-49.898378859339815,0.5641290451999744
128,-49.66684402119837,0.5616029663577771
129,-49.43530918305692,0.5590978450482647
130,-49.20377434491548,0.556613305754602
131,-48.97223950677403,0.554148972959954
132,-48.74070466863259,0.5517044711474858
133,-48.509169830491146,0.5492794248003622
134,-48.277634992349704,0.5468734584017482
135,-48.046100154208254,0.5444861964348086
136,-47.81456531606681,0.5421172679082882
137,-47.58303047792536,0.5397663351820304
138,-47.35149563978392,0.5374330755265522
139,-47.11996080164248,0.5351171662819049
140,-46.888425963501035,0.5328182847881405
141,-46.656891125359586,0.5305361083853108
142,-46.42535628721814,0.5282703144134678
143,-46.1938214490767,0.5260205802126635
144,-45.96228661093525,0.5237865831229497
145,-45.73075177279381,0.5215680004843781
146,-45.49921693465237,0.519364509637001
147,-45.26768209651092,0.5171757879208698
148,-45.036147258369475,0.5150015126760369
149,-44.80461242022803,0.5128413612425538
150,-44.57307758208658,0.5106950109604725
151,-44.34154274394514,0.5085621391698448
152,-44.1100079058037,0.506442423210723
153,-43.87847306766225,0.5043355423883396
154,-43.646938229520806,0.502241216334999
155,-43.415403391379364,0.5001592024758249
156,-43.183868553237915,0.4980892596936028
157,-42.95233371509647,0.49603114687111793
158,-42.72079887695503,0.49398462289115586
159,-42.48926403881358,0.4919494466365017
160,-42.25772920067214,0.48992537698994104
161,-42.026194362530696,0.487912172834259
162,-41.794659524389246,0.4859095930522409
163,-41.563124686247804,0.48391739652667226
164,-41.33158984810636,0.48193534214033856
165,-41.10005500996491,0.4799631887760248
166,-40.86852017182347,0.4780006953165167
167,-40.63698533368203,0.47604762064459927
168,-40.40545049554058,0.47410372364305803
169,-40.173915657399135,0.47216876319467826
170,-39.94238081925769,0.4702424980173326
171,-39.71084598111624,0.46832466664646333
172,-39.4793111429748,0.4664149682970165
173,-39.24777630483336,0.4645130976490195
174,-39.01624146669191,0.46261874938250014
175,-38.78470662855047,0.46073161817748615
176,-38.553171790409024,0.45885139871400515
177,-38.321636952267575,0.456977785672085
178,-38.09010211412613,0.45511047373175345
179,-37.85856727598469,0.4532491575730381
180,-37.62703243784324,0.4513935318759665
181,-37.3954975997018,0.4495432913205666
182,-37.163962761560356,0.4476981305868661
183,-36.932427923418906,0.4458577443548924
184,-36.700893085277464,0.4440218273046736
185,-36.46935824713602,0.4421900741162373
186,-36.23782340899457,0.44036217946961104
187,-36.00628857085313,0.4385378380448226
188,-35.77475373271169,0.4367167866368715
189,-35.54321889457024,0.43489894480803615
190,-35.311684056428795,0.43308428168790875
191,-35.08014921828735,0.43127276640699824
192,-34.848614380145904,0.42946436809581373
193,-34.61707954200446,0.42765905588486397
194,-34.38554470386302,0.42585679890465816
195,-34.15400986572157,0.42405756628570507
196,-33.92247502758013,0.4222613271585136
197,-33.690940189438685,0.4204680506535927
198,-33.459405351297235,0.4186777059014515
199,-33.22787051315579,0.41689026203259866
200,-32.99633567501435,0.41510568817754334
201,-32.7648008368729,0.41332395346679435
202,-32.53326599873146,0.4115450270308608
203,-32.301731160590016,0.4097688780002514
204,-32.07019632244857,0.40799547550547516
205,-31.838661484307124,0.40622476382452066
206,-31.607126646165682,0.4044564277945979
207,-31.375591808024232,0.4026899978794199
208,-31.14405696988279,0.4009250024957867
209,-30.912522131741348,0.3991609700604988
210,-30.680987293599898,0.39739742899035596
211,-30.449452455458456,0.3956339077021588
212,-30.217917617317013,0.3938699346127073
213,-29.986382779175564,0.39210503813880154
214,-29.75484794103412,0.39033874669724183
215,-29.52331310289268,0.38857058870482847
216,-29.29177826475123,0.38680009257836145
217,-29.060243426609787,0.385026786734641
218,-28.828708588468345,0.3832501995904673
219,-28.597173750326895,0.3814698595626406
220,-28.365638912185453,0.37968529506796117
221,-28.13410407404401,0.37789603452322895
222,-27.90256923590256,0.3761016065130047
223,-27.67103439776112,0.3743015454081298
224,-27.439499559619676,0.37249539269627474
225,-27.207964721478227,0.3706826903025584
226,-26.976429883336785,0.3688629801520995
227,-26.744895045195342,0.3670358041700171
228,-26.513360207053893,0.3652007042814298
229,-26.28182536891245,0.3633572224114568
230,-26.050290530771008,0.3615049004852165
231,-25.81875569262956,0.3596432804278281
232,-25.587220854488116,0.35777190416441024
233,-25.355686016346674,0.35589031362008205
234,-25.124151178205224,0.35399805071996193
235,-24.892616340063782,0.35209465738916923
236,-24.66108150192234,0.35017967555282264
237,-24.42954666378089,0.3482526471360407
238,-24.198011825639448,0.3463131140639427
239,-23.966476987498005,0.344360618956541
240,-23.734942149356556,0.3423950451420349
241,-23.503407311215113,0.3404171650316248
242,-23.27187247307367,0.3384278942429796
243,-23.04033763493222,0.3364281483937683
244,-22.80880279679078,0.3344188431016599
245,-22.577267958649337,0.3324008939843234
246,-22.345733120507887,0.33037521665942754
247,-22.114198282366445,0.32834272674464166
248,-21.882663444225003,0.32630433985763446
249,-21.651128606083553,0.324260971616075
250,-21.41959376794211,0.32221353763763233
251,-21.18805892980067,0.3201629535399754
252,-20.95652409165922,0.31811013494077317
253,-20.724989253517776,0.3160559974576945
254,-20.493454415376334,0.31400145670840873
255,-20.261919577234885,0.3119474283105843
256,-20.030384739093442,0.30989482788189066
257,-19.798849900952,0.3078444580009643
258,-19.56731506281055,0.3057964483235973
259,-19.335780224669108,0.30375068050599896
260,-19.104245386527666,0.30170703581476493
261,-18.872710548386216,0.2996653955164906
262,-18.641175710244774,0.29762564087777177
263,-18.40964087210333,0.29558765316520397
264,-18.178106033961882,0.2935513136453827
265,-17.94657119582044,0.29151650358490383
266,-17.715036357678997,0.2894831042503628
267,-17.483501519537548,0.287450996908355
268,-17.251966681396105,0.2854200628254764
269,-17.020431843254663,0.2833901832683223
270,-16.788897005113213,0.28136123950348846
271,-16.55736216697177,0.2793331127975705
272,-16.32582732883033,0.2773056844171639
273,-16.09429249068888,0.27527883562886424
274,-15.862757652547437,0.27325247516422546
275,-15.631222814405994,0.2712269347470477
276,-15.399687976264545,0.26920287798862774
277,-15.168153138123103,0.2671809774075579
278,-14.93661829998166,0.2651619055224304
279,-14.705083461840218,0.2631463348518372
280,-14.473548623698775,0.2611349379143707
281,-14.242013785557319,0.2591283872286228
282,-14.010478947415876,0.2571273553131859
283,-13.778944109274434,0.25513251468665227
284,-13.547409271132992,0.25314453786761393
285,-13.31587443299155,0.251164097374663
286,-13.084339594850107,0.24919186572639174
287,-12.85280475670865,0.24722851544139215
288,-12.621269918567208,0.24527471903825665
289,-12.389735080425766,0.2433311490355774
290,-12.158200242284323,0.2413984779519464
291,-11.92666540414288,0.2394773771302031
292,-11.695130566001438,0.2375684381406524
293,-11.463595727859982,0.2356721232866405
294,-11.23206088971854,0.23378888306801432
295,-11.000526051577097,0.23191916798462042
296,-10.768991213435655,0.2300634285363056
297,-10.537456375294212,0.22822211522291658
298,-10.30592153715277,0.22639567854429998
299,-10.074386699011313,0.22458456900030255
300,-9.842851860869871,0.22278923709077114
301,-9.611317022728429,0.22101013331555244
302,-9.379782184586986,0.21924770817449307
303,-9.148247346445544,0.21750241216743982
304,-8.916712508304101,0.21577469579423944
305,-8.685177670162645,0.2140650095547385
306,-8.453642832021202,0.21237380394878388
307,-8.22210799387976,0.21070152947622225
308,-7.990573155738318,0.20904863662802095
309,-7.759038317596875,0.20741542763387047
310,-7.527503479455433,0.20580167974963903
311,-7.295968641313976,0.20420705409158227
312,-7.064433803172534,0.20263121177595636
313,-6.832898965031092,0.201073813919017
314,-6.601364126889649,0.19953452163702
315,-6.369829288748207,0.19801299604622136
316,-6.1382944506067645,0.19650889826287682
317,-5.906759612465308,0.19502188940324222
318,-5.6752247743238655,0.19355163058357355
319,-5.443689936182423,0.19209778292012655
320,-5.212155098040981,0.19066000752915713
321,-4.980620259899538,0.18923796552692113
322,-4.749085421758096,0.18783131802967445
323,-4.517550583616639,0.18643972615367277
324,-4.286015745475197,0.18506285101517223
325,-4.054480907333755,0.18370035373042848
326,-3.8229460691923123,0.18235191593306718
327,-3.59141123105087,0.1810173893402929
328,-3.3598763929094275,0.17969670976998037
329,-3.128341554767971,0.17838981363777956
330,-2.8968067166265286,0.17709663735934061
331,-2.665271878485086,0.17581711735031355
332,-2.433737040343644,0.17455119002634834
333,-2.2022022022022014,0.17329879180309501
334,-1.970667364060759,0.17205985909620367
335,-1.7391325259193025,0.1708343283213242
336,-1.50759768777786,0.1696221358941068
337,-1.2760628496364177,0.16842321823020137
338,-1.0445280114949753,0.16723751174525806
339,-0.8129931733535329,0.16606495285492678
340,-0.5814583352120906,0.1649054779748576
341,-0.34992349707063397,0.16375902352070051
342,-0.11838865892919159,0.16262552590810567
343,0.11314617921225079,0.16150492426155064
344,0.34468101735369316,0.16039722344992627
345,0.5762158554951355,0.15930249605722444
346,0.8077506936365779,0.15822081777051009
347,1.0392855317780345,0.15715226427684817
348,1.2708203699194769,0.15609691126330374
349,1.5023552080609193,0.15505483441694176
350,1.7338900462023616,0.15402610942482717
351,1.965424884343804,0.15301081197402489
352,2.1969597224852464,0.1520090177515999
353,2.428494560626703,0.15102080244461719
354,2.6600293987681454,0.15004624174014178
355,2.8915642369095877,0.14908541132523853
356,3.12309907505103,0.1481383868869725
357,3.3546339131924725,0.14720524411240862
358,3.586168751333915,0.14628605868861186
359,3.8177035894753715,0.14538090630264713
360,4.049238427616814,0.14448986173226147
361,4.280773265758256,0.14361283478744138
362,4.512308103899699,0.14274938001367352
363,4.743842942041141,0.14189900581006595
364,4.975377780182583,0.14106122057572673
365,5.20691261832404,0.14023553270976385
366,5.438447456465482,0.1394214506112855
367,5.669982294606925,0.13861848267939966
368,5.901517132748367,0.1378261373132144
369,6.1330519708898095,0.13704392291183778
370,6.364586809031252,0.13627134787437784
371,6.596121647172708,0.13550792059994263
372,6.827656485314151,0.13475314948764022
373,7.059191323455593,0.1340065429365787
374,7.290726161597036,0.13326760934586612
375,7.522260999738478,0.13253585711461047
376,7.75379583787992,0.13181079464191986
377,7.985330676021377,0.13109193032690233
378,8.21686551416282,0.13037882694646405
379,8.448400352304262,0.12967131043736677
380,8.679935190445704,0.12896928623666057
381,8.911470028587146,0.12827265979822536
382,9.143004866728589,0.12758133657594103
383,9.374539704870045,0.12689522202368742
384,9.606074543011488,0.12621422159534454
385,9.83760938115293,0.12553824074479217
386,10.069144219294373,0.12486718492591031
387,10.300679057435815,0.12420095959257879
388,10.532213895577257,0.1235394701986775
389,10.763748733718714,0.12288262219808632
390,10.995283571860156,0.12223032104468523
391,11.226818410001599,0.12158247219235406
392,11.458353248143041,0.12093898109497273
393,11.689888086284483,0.12029975320642111
394,11.921422924425926,0.11966469398057913
395,12.152957762567382,0.11903371534798138
396,12.384492600708825,0.11840680620524388
397,12.616027438850267,0.11778400591160706
398,12.84756227699171,0.11716535470437062
399,13.079097115133152,0.11655089282083413
400,13.310631953274594,0.11594066049829725
401,13.54216679141605,0.1153346979740596
402,13.773701629557493,0.11473304548542082
403,14.005236467698936,0.11413574326968054
404,14.236771305840378,0.11354283156413844
405,14.46830614398182,0.11295435060609406
406,14.699840982123263,0.11237034063284711
407,14.93137582026472,0.1117908418816972
408,15.162910658406162,0.11121589458994394
409,15.394445496547604,0.11064553899488698
410,15.625980334689046,0.11007981533382596
411,15.857515172830489,0.10951876384406053
412,16.08905001097193,0.10896242282582858
413,16.320584849113388,0.1084107479479951
414,16.55211968725483,0.10786358309535604
415,16.783654525396273,0.10732076421769873
416,17.015189363537715,0.10678212726481066
417,17.246724201679157,0.10624750818647924
418,17.4782590398206,0.10571674293249188
419,17.709793877962056,0.10518966745263601
420,17.9413287161035,0.1046661176966991
421,18.17286355424494,0.10414592961446859
422,18.404398392386383,0.10362893915573185
423,18.635933230527826,0.10311498227027639
424,18.867468068669268,0.10260389490788957
425,19.099002906810725,0.10209551301835884
426,19.330537744952167,0.10158967255147168
427,19.56207258309361,0.1010862094570155
428,19.793607421235052,0.10058495968477771
429,20.025142259376494,0.10008575925152391
430,20.256677097517937,0.09958851517193865
431,20.488211935659393,0.09909334019328074
432,20.719746773800836,0.09860038411400497
433,20.951281611942278,0.09810979673256601
434,21.18281645008372,0.09762172784741852
435,21.414351288225163,0.0971363272570172
436,21.645886126366605,0.09665374475981674
437,21.87742096450806,0.09617413015427181
438,22.108955802649504,0.0956976332388372
439,22.340490640790946,0.0952244038119675
440,22.57202547893239,0.09475459167211747
441,22.80356031707383,0.09428834661774176
442,23.035095155215274,0.09382581844729508
443,23.26662999335673,0.09336715695923209
444,23.498164831498173,0.09291251195200756
445,23.729699669639615,0.09246203322407615
446,23.961234507781057,0.09201587057389252
447,24.1927693459225,0.09157414288582891
448,24.424304184063942,0.0911367630344172
449,24.6558390222054,0.09070355967184458
450,24.88737386034684,0.09027436119889072
451,25.118908698488283,0.08984899601633534
452,25.350443536629726,0.08942729252495801
453,25.581978374771168,0.08900907912553845
454,25.81351321291261,0.0885941842188563
455,26.045048051054067,0.08818243620569118
456,26.27658288919551,0.08777366348682283
457,26.508117727336952,0.08736769446303085
458,26.739652565478394,0.08696435753509495
459,26.971187403619837,0.08656348110379473
460,27.20272224176128,0.08616489356990993
461,27.434257079902736,0.08576842333422008
462,27.665791918044178,0.08537389879750498
463,27.89732675618562,0.08498114836054424
464,28.128861594327063,0.08459000586066517
465,28.360396432468505,0.0842004023197526
466,28.591931270609948,0.08381235260251799
467,28.823466108751404,0.08342587432362127
468,29.055000946892847,0.08304098509772244
469,29.28653578503429,0.0826577025394814
470,29.51807062317573,0.08227604426355813
471,29.749605461317174,0.08189602788461255
472,29.981140299458616,0.08151767101730462
473,30.212675137600073,0.08114099127629425
474,30.444209975741515,0.08076600627624143
475,30.675744813882957,0.08039273363180612
476,30.9072796520244,0.08002119095764822
477,31.138814490165842,0.07965139586842768
478,31.370349328307285,0.07928336597880446
479,31.60188416644874,0.0789171189034385
480,31.833419004590183,0.07855267225698974
481,32.064953842731626,0.07819004375378412
482,32.29648868087307,0.07782926018835708
483,32.52802351901451,0.0774703645794481
484,32.75955835715595,0.0771134016269555
485,32.99109319529741,0.07675841603077754
486,33.22262803343885,0.07640545249081253
487,33.454162871580294,0.0760545557069587
488,33.68569770972174,0.07570577037911438
489,33.91723254786318,0.07535914120717781
490,34.14876738600462,0.07501471289104729
491,34.38030222414608,0.07467253013062106
492,34.61183706228752,0.07433263762579748
493,34.84337190042896,0.07399508007647473
494,35.074906738570405,0.07365990218255121
495,35.30644157671185,0.07332714864392507
496,35.53797641485329,0.07299686416049468
497,35.76951125299475,0.07266909343215827
498,36.00104609113619,0.0723438811588124
499,36.23258092927763,0.07202125264800899
500,36.464115767419074,0.07170115668219458
501,36.695650605560516,0.07138352317010235
502,36.92718544370196,0.07106828202046556
503,37.158720281843415,0.07075536314201736
504,37.39025511998486,0.07044469644349102
505,37.6217899581263,0.07013621183361973
506,37.85332479626774,0.06982983922113671
507,38.084859634409185,0.06952550851477515
508,38.31639447255063,0.0692231496232683
509,38.54792931069208,0.0689226924553493
510,38.779464148833526,0.06862406691975145
511,39.01099898697497,0.06832720292520793
512,39.24253382511641,0.06803203038045194
513,39.47406866325785,0.06773847919421667
514,39.705603501399295,0.06744647927523541
515,39.93713833954074,0.0671559605322413
516,40.168673177682194,0.06686685780796146
517,40.40020801582364,0.06657915211407366
518,40.63174285396508,0.06629284967429594
519,40.86327769210652,0.0660079569677447
520,41.094812530247964,0.06572448047353635
521,41.326347368389406,0.0654424266707873
522,41.55788220653086,0.06516180203861395
523,41.789417044672305,0.06488261305613277
524,42.02095188281375,0.06460486620246012
525,42.25248672095519,0.06432856795671238
526,42.48402155909663,0.06405372479800603
527,42.715556397238075,0.06378034320545745
528,42.94709123537953,0.06350842965818301
529,43.178626073520974,0.0632379906352992
530,43.410160911662416,0.06296903261592239
531,43.64169574980386,0.06270156207916898
532,43.8732305879453,0.0624355855041554
533,44.10476542608674,0.062171108873029374
534,44.3363002642282,0.06190812371752107
535,44.56783510236964,0.06164660521060569
536,44.799369940511085,0.06138652764478035
537,45.03090477865253,0.06112786531254218
538,45.26243961679397,0.06087059250638838
539,45.49397445493541,0.06061468351881603
540,45.72550929307687,0.06036011264232231
541,45.95704413121831,0.060106854169404395
542,46.18857896935975,0.0598548823925594
543,46.420113807501195,0.05960417160428449
544,46.65164864564264,0.05935469609707681
545,46.88318348378408,0.05910643016343351
546,47.11471832192554,0.058859348095851714
547,47.34625316006698,0.05861342418682861
548,47.57778799820842,0.05836863272886133
549,47.809322836349864,0.05812494801444703
550,48.040857674491306,0.05788234437312646
551,48.27239251263275,0.05764080696312335
552,48.503927350774205,0.05740034675933584
553,48.73546218891565,0.057160978501866695
554,48.96699702705709,0.05692271693081857
555,49.19853186519853,0.056685576786294226
556,49.430066703339975,0.05644957280839636
557,49.66160154148142,0.05621471973722769
558,49.89313637962286,0.05598103231289094
559,50.1246712177643,0.05574852527548883
560,50.356206055905744,0.055517213365124066
561,50.587740894047215,0.055287111321899333
562,50.81927573218866,0.05505823388591742
563,51.0508105703301,0.05483059579728103
564,51.28234540847154,0.05460421179609283
565,51.513880246612985,0.05437909662245557
566,51.74541508475443,0.054155265016471964
567,51.97694992289587,0.05393273171824473
568,52.20848476103731,0.05371150574820706
569,52.440019599178754,0.053491565232496846
570,52.6715544373202,0.05327287791348951
571,52.90308927546164,0.05305541152583081
572,53.13462411360308,0.05283913380416644
573,53.36615895174455,0.05262401248314207
574,53.597693789885994,0.052410015297403474
575,53.82922862802744,0.05219710998159632
576,54.06076346616888,0.051985264270366316
577,54.29229830431032,0.05177444589835919
578,54.523833142451764,0.05156462260022064
579,54.755367980593206,0.051355762110596365
580,54.98690281873465,0.05114783216413207
581,55.21843765687609,0.0509408004954735
582,55.44997249501753,0.050734634839266324
583,55.681507333158976,0.050529302930156256
584,55.91304217130042,0.05032477250278903
585,56.14457700944189,0.05012101446014913
586,56.37611184758333,0.049918042812693166
587,56.607646685724774,0.04971590268467718
588,56.839181523866216,0.04951463988973934
589,57.07071636200766,0.04931430024151777
590,57.3022512001491,0.04911492955365061
591,57.53378603829054,0.048916573639776015
592,57.765320876431986,0.0487192783135321
593,57.99685571457343,0.048523089388557046
594,58.22839055271487,0.04832805267848897
595,58.45992539085631,0.04813421399696602
596,58.691460228997755,0.04794161915762634
597,58.922995067139226,0.04775031397410803
598,59.15452990528067,0.04756034426004931
599,59.38606474342211,0.04737175582908828
600,59.61759958156355,0.047184594494863084
601,59.849134419704995,0.04699890607101186
602,60.08066925784644,0.04681473545287418
603,60.31220409598788,0.046632077976648124
604,60.54373893412932,0.0464508551879101
605,60.775273772270765,0.04627098262561537
606,61.00680861041221,0.04609237582871922
607,61.23834344855365,0.04591495033617697
608,61.46987828669509,0.045738621686943856
609,61.70141312483656,0.0455633054199752
610,61.932947962978005,0.0453889170742263
611,62.16448280111945,0.04521537218865243
612,62.39601763926089,0.0450425863022089
613,62.62755247740233,0.04487047495385096
614,62.859087315543775,0.04469895368253391
615,63.09062215368522,0.044527938027213054
616,63.32215699182666,0.04435734352684366
617,63.5536918299681,0.044187085720381034
618,63.785226668109544,0.04401708014678047
619,64.01676150625099,0.04384724235444244
620,64.24829634439243,0.04367751855720067
621,64.4798311825339,0.04350795379663714
622,64.71136602067534,0.04333861298506872
623,64.94290085881678,0.04316956103481224
624,65.17443569695823,0.04300086285818452
625,65.40597053509967,0.04283258336750239
626,65.63750537324111,0.04266478747508271
627,65.86904021138255,0.0424975400932423
628,66.100575049524,0.042330906134297984
629,66.33210988766544,0.042164950510566616
630,66.56364472580688,0.04199973813436501
631,66.79517956394832,0.041835333918010004
632,67.02671440208977,0.041671802773818455
633,67.25824924023124,0.04150920961410715
634,67.48978407837268,0.04134761935119298
635,67.72131891651412,0.04118709689739275
636,67.95285375465556,0.0410277071650233
637,68.184388592797,0.04086950367982899
638,68.41592343093845,0.04071245482725432
639,68.64745826907989,0.04055649044317593
640,68.87899310722133,0.040401540173129524
641,69.11052794536278,0.04024753366265084
642,69.34206278350422,0.04009440055727558
643,69.57359762164566,0.03994207050253949
644,69.8051324597871,0.03979047314397826
645,70.03666729792857,0.0396395381271276
646,70.26820213607002,0.03948919509752327
647,70.49973697421146,0.03933937370070096
648,70.7312718123529,0.039190003582196396
649,70.96280665049434,0.03904101438754529
650,71.19434148863579,0.03889233576228337
651,71.42587632677723,0.03874389735194634
652,71.65741116491867,0.03859562880206993
653,71.88894600306011,0.03844745975818986
654,72.12048084120156,0.03829932258824526
655,72.352015679343,0.03815120667286916
656,72.58355051748444,0.03800315545632042
657,72.81508535562591,0.03785521451492603
658,73.04662019376735,0.037707429425013095
659,73.2781550319088,0.0375598457629086
660,73.50968987005024,0.03741250910493961
661,73.74122470819168,0.03726546502743314
662,73.97275954633312,0.03711875910671623
663,74.20429438447457,0.036972436919115934
664,74.43582922261601,0.036826544040959266
665,74.66736406075745,0.036681126048573265
666,74.89889889889889,0.03653622851828498
667,75.13043373704033,0.03639189702642145
668,75.36196857518178,0.03624817714930968
669,75.59350341332325,0.03610511446327673
670,75.82503825146469,0.03596275454464963
671,76.05657308960613,0.03582114278092932
672,76.28810792774757,0.03568030037483292
673,76.51964276588902,0.0355402008218766
674,76.75117760403046,0.03540081203208124
675,76.9827124421719,0.035262101915467706
676,77.21424728031334,0.03512403838205688
677,77.44578211845479,0.03498658934186963
678,77.67731695659623,0.03484972270492683
679,77.90885179473767,0.03471340638124937
680,78.14038663287911,0.0345776082808581
681,78.37192147102058,0.0344422963137739
682,78.60345630916203,0.03430743839001767
683,78.83499114730347,0.034173002419610264
684,79.06652598544491,0.03403895631257256
685,79.29806082358635,0.03390526797892544
686,79.5295956617278,0.03377190532868976
687,79.76113049986924,0.03363883627188641
688,79.99266533801068,0.03350602871853625
689,80.22420017615212,0.03337346184447253
690,80.45573501429357,0.03324116438422055
691,80.68726985243501,0.03310917869573587
692,80.91880469057645,0.0329775471373685
693,81.15033952871792,0.03284631206746841
694,81.38187436685936,0.03271551584438564
695,81.6134092050008,0.03258520082647017
696,81.84494404314225,0.032455409372071996
697,82.07647888128369,0.03232618383954112
698,82.30801371942513,0.03219756658722755
699,82.53954855756658,0.03206959997348126
700,82.77108339570802,0.03194232635665228
701,83.00261823384946,0.031815788095090586
702,83.2341530719909,0.031690027547146185
703,83.46568791013235,0.03156508707116908
704,83.69722274827379,0.03144100902550927
705,83.92875758641526,0.031317835768516725
706,84.1602924245567,0.031195603407772374
707,84.39182726269814,0.03107428175232795
708,84.62336210083959,0.030953800679061227
709,84.85489693898103,0.030834089516054722
710,85.08643177712247,0.03071507759139094
711,85.31796661526391,0.030596694233152415
712,85.54950145340536,0.03047886876942167
713,85.7810362915468,0.030361530528281208
714,86.01257112968824,0.030244608837813564
715,86.24410596782968,0.030128033026101245
716,86.47564080597112,0.030011732421226775
717,86.7071756441126,0.029895636351272657
718,86.93871048225404,0.029779674144321436
719,87.17024532039548,0.029663775128455624
720,87.40178015853692,0.029547868631757734
721,87.63331499667837,0.029431883982310288
722,87.86484983481981,0.029315750508195806
723,88.09638467296125,0.029199399223148185
724,88.32791951110269,0.029082820779572735
725,88.55945434924413,0.02896608005707137
726,88.79098918738558,0.028849246582469644
727,89.02252402552702,0.028732389882593138
728,89.25405886366846,0.02861557948426739
729,89.48559370180993,0.028498884914317957
730,89.71712853995137,0.028382375699570427
731,89.94866337809282,0.028266121366850337
732,90.18019821623426,0.028150191442983245
733,90.4117330543757,0.028034655454794728
734,90.64326789251714,0.027919582929110325
735,90.87480273065859,0.027805043392755607
736,91.10633756880003,0.02769110637255613
737,91.33787240694147,0.02757784139533745
738,91.56940724508291,0.027465317987925134
739,91.80094208322436,0.027353605677144736
740,92.0324769213658,0.02724277393714076
741,92.26401175950727,0.027132864151918117
742,92.49554659764871,0.027023843445633806
743,92.72708143579015,0.026915666812236994
744,92.9586162739316,0.02680828924567685
745,93.19015111207304,0.026701665739902535
746,93.42168595021448,0.026595751288863233
747,93.65322078835592,0.026490500886508117
748,93.88475562649737,0.026385869526786353
749,94.11629046463881,0.026281812203647125
750,94.34782530278025,0.02617828391103959
751,94.5793601409217,0.02607523964291292
752,94.81089497906314,0.025972634393216308
753,95.0424298172046,0.02587042315589889
754,95.27396465534605,0.02576856092490988
755,95.50549949348749,0.02566700269419844
756,95.73703433162893,0.025565703457713723
757,95.96856916977038,0.025464618209404915
758,96.20010400791182,0.02536370942506173
759,96.43163884605326,0.025262984746664944
760,96.6631736841947,0.025162468680241024
761,96.89470852233615,0.025062185760810457
762,97.12624336047759,0.024962160523393756
763,97.35777819861903,0.024862417503011408
764,97.58931303676047,0.024762981234683904
765,97.82084787490194,0.02466387625343175
766,98.05238271304339,0.02456512709427544
767,98.28391755118483,0.024466758292235484
768,98.51545238932627,0.024368794382332356
769,98.74698722746771,0.024271259899586572
770,98.97852206560916,0.024174179379018623
771,99.2100569037506,0.024077577355649
772,99.44159174189204,0.023981478364498206
773,99.67312658003348,0.023885906940586732
774,99.90466141817492,0.023790887618935087
775,100.13619625631637,0.023696443271924682
776,100.36773109445781,0.023602570696447393
777,100.59926593259925,0.02350924598579238
778,100.83080077074072,0.02341644466294204
779,101.06233560888217,0.02332414225087877
780,101.29387044702361,0.023232314272584972
781,101.52540528516505,0.023140936251043034
782,101.75694012330649,0.02304998370923535
783,101.98847496144793,0.022959432170144307
784,102.22000979958938,0.022869257156752313
785,102.45154463773082,0.022779434192041745
786,102.68307947587226,0.022689938798995005
787,102.9146143140137,0.022600746500594494
788,103.14614915215515,0.022511832819822594
789,103.37768399029659,0.022423173279661708
790,103.60921882843806,0.02233474340309422
791,103.8407536665795,0.02224651871310253
792,104.07228850472094,0.022158475002345156
793,104.30382334286239,0.022070607006348573
794,104.53535818100383,0.021982940531236846
795,104.76689301914527,0.021895504266123782
796,104.99842785728671,0.02180832690012318
797,105.22996269542816,0.021721437122348836
798,105.4614975335696,0.021634863621914555
799,105.69303237171104,0.02154863508793414
800,105.92456720985248,0.021462780209521384
801,106.15610204799393,0.02137732767579009
802,106.3876368861354,0.021292306175854054
803,106.61917172427684,0.02120774439882709
804,106.85070656241828,0.021123671033822986
805,107.08224140055972,0.021040114769955556
806,107.31377623870117,0.02095710429633858
807,107.54531107684261,0.020874668302085876
808,107.77684591498405,0.02079283547631123
809,108.0083807531255,0.020711634507610793
810,108.23991559126694,0.020631081942469206
811,108.47145042940838,0.020551150749800587
812,108.70298526754982,0.020471804125980802
813,108.93452010569126,0.020393005267385713
814,109.16605494383273,0.02031471737039117
815,109.39758978197418,0.020236903631373062
816,109.62912462011562,0.020159527246707228
817,109.86065945825706,0.02008255141276954
818,110.0921942963985,0.02000593932593586
819,110.32372913453995,0.01992965418258204
820,110.55526397268139,0.019853659179083948
821,110.78679881082283,0.019777917511817452
822,111.01833364896427,0.0197023923771584
823,111.24986848710572,0.019627046971482667
824,111.48140332524716,0.019551844491166107
825,111.7129381633886,0.019476748132584584
826,111.94447300153007,0.019401721092113956
827,112.17600783967151,0.019326731333155402
828,112.40754267781296,0.019251786930428918
829,112.6390775159544,0.01917691604123243
830,112.87061235409584,0.01910214697254394
831,113.10214719223728,0.019027508031341483
832,113.33368203037872,0.01895302752460305
833,113.56521686852017,0.01887873375930667
834,113.79675170666161,0.018804655042430347
835,114.02828654480305,0.018730819680952096
836,114.2598213829445,0.018657255981849932
837,114.49135622108594,0.018583992252101868
838,114.72289105922741,0.018511056798685904
839,114.95442589736885,0.01843847792858008
840,115.18596073551029,0.01836628394876239
841,115.41749557365173,0.018294503166210854
842,115.64903041179318,0.018223163887903477
843,115.88056524993462,0.018152294420818286
844,116.11210008807606,0.018081922172248605
845,116.3436349262175,0.018012052232442097
846,116.57516976435895,0.017942666433081178
847,116.80670460250039,0.01787374551775887
848,117.03823944064183,0.01780527023006819
849,117.26977427878327,0.01773722131360215
850,117.50130911692474,0.01766957951195375
851,117.73284395506619,0.01760232556871605
852,117.96437879320763,0.017535440227482036
853,118.19591363134907,0.01746890423184473
854,118.42744846949051,0.017402698325397148
855,118.65898330763196,0.01733680325173231
856,118.8905181457734,0.01727119975444323
857,119.12205298391484,0.017205868577122932
858,119.35358782205628,0.017140790463364423
859,119.58512266019773,0.017075946156760724
860,119.81665749833917,0.017011316400904856
861,120.04819233648061,0.016946881991022542
862,120.27972717462208,0.016882633612870068
863,120.51126201276352,0.016818583522124318
864,120.74279685090497,0.016754746817485854
865,120.97433168904641,0.016691138597655253
866,121.20586652718785,0.01662777396133309
867,121.4374013653293,0.016564668007219934
868,121.66893620347074,0.01650183583401636
869,121.90047104161218,0.016439292540422937
870,122.13200587975362,0.016377053225140246
871,122.36354071789506,0.016315132986868847
872,122.5950755560365,0.01625354692430932
873,122.82661039417795,0.016192310136162246
874,123.05814523231942,0.016131437721128176
875,123.28968007046086,0.01607094477790771
876,123.5212149086023,0.016010846405201402
877,123.75274974674375,0.015951157701709833
878,123.98428458488519,0.015891893766133574
879,124.21581942302663,0.015833064212505778
880,124.44735426116807,0.01577465174702916
881,124.67888909930952,0.01571663083751081
882,124.91042393745096,0.01565897594964016
883,125.1419587755924,0.015601661549106643
884,125.37349361373384,0.015544662101599693
885,125.60502845187528,0.015487952072808737
886,125.83656329001676,0.015431505928423213
887,126.0680981281582,0.015375298134132555
888,126.29963296629964,0.015319303155626192
889,126.53116780444108,0.015263495458593557
890,126.76270264258252,0.015207849508724084
891,126.99423748072397,0.015152339771707204
892,127.22577231886541,0.01509694071323235
893,127.45730715700685,0.015041626798988956
894,127.6888419951483,0.014986372494666448
895,127.92037683328974,0.014931152265954265
896,128.15191167143118,0.014875942178366937
897,128.38344650957262,0.014820737626558087
898,128.6149813477141,0.0147655468317982
899,128.84651618585553,0.014710378245723276
900,129.07805102399698,0.014655240319969292
901,129.30958586213842,0.01460014150617223
902,129.54112070027986,0.014545090255968071
903,129.7726555384213,0.014490095020992797
904,130.00419037656275,0.0144351642528824
905,130.2357252147042,0.01438030640327285
906,130.46726005284563,0.014325529923800139
907,130.69879489098707,0.01427084326610025
908,130.93032972912852,0.014216254881809158
909,131.16186456726996,0.014161773222562854
910,131.39339940541143,0.014107406739997313
911,131.62493424355287,0.01405316388574853
912,131.8564690816943,0.01399905311145248
913,132.08800391983576,0.013945082888359835
914,132.3195387579772,0.013891262548220007
915,132.55107359611864,0.013837602600836107
916,132.78260843426008,0.013784113641107754
917,133.01414327240153,0.013730806263934543
918,133.24567811054297,0.013677691064216091
919,133.4772129486844,0.013624778636852006
920,133.70874778682585,0.013572079576741896
921,133.9402826249673,0.013519604478785372
922,134.17181746310877,0.01346736393788203
923,134.4033523012502,0.013415368548931503
924,134.63488713939165,0.013363628906833389
925,134.8664219775331,0.013312155606487294
926,135.09795681567454,0.013260959242792828
927,135.32949165381598,0.013210050410649606
928,135.56102649195742,0.013159439704957228
929,135.79256133009886,0.013109137720615314
930,136.0240961682403,0.013059155048658608
931,136.25563100638175,0.013009497681027452
932,136.4871658445232,0.012960158105812731
933,136.71870068266463,0.01291112634530285
934,136.9502355208061,0.012862392421786212
935,137.18177035894755,0.012813946357551231
936,137.413305197089,0.012765778174886307
937,137.64484003523043,0.012717877896079843
938,137.87637487337187,0.012670235543420252
939,138.10790971151332,0.012622841139195934
940,138.33944454965476,0.0125756847056953
941,138.5709793877962,0.012528756265206751
942,138.80251422593764,0.01248204584001869
943,139.03404906407908,0.012435543452419533
944,139.26558390222053,0.012389239124697677
945,139.49711874036197,0.012343122879141534
946,139.72865357850344,0.0122971847380395
947,139.96018841664488,0.01225141472367999
948,140.19172325478633,0.012205804616882641
949,140.42325809292777,0.012160358085230322
950,140.6547929310692,0.012115083718701203
951,140.88632776921065,0.012069990123018874
952,141.1178626073521,0.012025085903906914
953,141.34939744549354,0.01198037966708891
954,141.58093228363498,0.01193588001828845
955,141.81246712177642,0.011891595563229117
956,142.04400195991786,0.011847534907634497
957,142.2755367980593,0.011803706657228172
958,142.50707163620078,0.011760119417733726
959,142.73860647434222,0.011716781794874754
960,142.97014131248366,0.01167370239437483
961,143.2016761506251,0.011630889821957549
962,143.43321098876655,0.01158835268334649
963,143.664745826908,0.011546099584265238
964,143.89628066504943,0.011504139130437381
965,144.12781550319087,0.011462479718775793
966,144.35935034133232,0.011421125941026263
967,144.59088517947376,0.011380079067129277
968,144.8224200176152,0.011339340255446629
969,145.05395485575664,0.011298910664340099
970,145.2854896938981,0.01125879145217147
971,145.51702453203956,0.011218983777302535
972,145.748559370181,0.011179488798095086
973,145.98009420832244,0.011140307672910896
974,146.21162904646388,0.011101441560111756
975,146.44316388460533,0.011062891618059447
976,146.67469872274677,0.011024659005115763
977,146.9062335608882,0.010986744879642485
978,147.13776839902965,0.010949150400001401
979,147.3693032371711,0.010911876724554298
980,147.60083807531254,0.010874925011662952
981,147.83237291345398,0.010838296419689163
982,148.06390775159545,0.010801992106994703
983,148.2954425897369,0.01076601323194137
984,148.52697742787834,0.010730360952890946
985,148.75851226601978,0.010695036428205212
986,148.99004710416122,0.010660040816245959
987,149.22158194230266,0.010625375275374972
988,149.4531167804441,0.01059104096395404
989,149.68465161858555,0.010557039040344938
990,149.916186456727,0.010523370662909464
991,150.14772129486843,0.010490036990009397
992,150.37925613300987,0.010457039180006525
993,150.61079097115132,0.010424378391262631
994,150.8423258092928,0.010392055782139503
995,151.07386064743423,0.010360072510998929
996,151.30539548557567,0.010328429736202693
997,151.53693032371712,0.010297128616112582
998,151.76846516185856,0.010266170309090378
999,152.0,0.010235555973497871
